{
  "project_info": {
    "project_number": "318071654583",
    "firebase_url": "https://meandmom-f9f03.firebaseio.com",
    "project_id": "meandmom-f9f03",
    "storage_bucket": "meandmom-f9f03.appspot.com"
  },
  "client": [
    {
      "client_info": {
        "mobilesdk_app_id": "1:318071654583:android:2e06f707499e2f4c",
        "android_client_info": {
          "package_name": "com.example.meandmom"
        }
      },
      "oauth_client": [
        {
          "client_id": "318071654583-kti1githsi9sbgv5j05prbp2efi8ef0q.apps.googleusercontent.com",
          "client_type": 3
        }
      ],
      "api_key": [
        {
          "current_key": "AIzaSyBWyNgoLvwt82E8abyu6Pcm27f_yHwMdEk"
        }
      ],
      "services": {
        "analytics_service": {
          "status": 1
        },
        "appinvite_service": {
          "status": 1,
          "other_platform_oauth_client": []
        },
        "ads_service": {
          "status": 2
        }
      }
    }
  ],
  "configuration_version": "1"
}